{"cameraMode":{"drawMode":0,"name":"Shaded","section":"Shading Mode"},"sceneLighting":false,"audioPlay":false,"sceneViewState":{"showFog":true,"showMaterialUpdate":false,"showSkybox":false,"showFlares":true,"showImageEffects":true,"showParticleSystems":true},"in2DMode":false,"pivot":{"x":1.4901161193847657e-8,"y":0.15229007601737977,"z":1.4901161193847657e-8},"rotation":{"x":0.1671425700187683,"y":-0.6875410676002502,"z":0.1673983484506607,"w":0.6865997910499573},"size":0.9647573232650757,"orthographic":false}