{"cameraMode":{"drawMode":0,"name":"Shaded","section":"Shading Mode"},"sceneLighting":true,"audioPlay":false,"sceneViewState":{"showFog":true,"showMaterialUpdate":false,"showSkybox":true,"showFlares":true,"showImageEffects":true,"showParticleSystems":true},"in2DMode":false,"pivot":{"x":-0.10924437642097473,"y":0.7781504392623901,"z":0.2194649875164032},"rotation":{"x":-0.37182825803756716,"y":-0.31419432163238528,"z":0.1353384256362915,"w":-0.8630005121231079},"size":0.9209067225456238,"orthographic":false}