{"cameraMode":{"drawMode":0,"name":"Shaded","section":"Shading Mode"},"sceneLighting":true,"audioPlay":false,"sceneViewState":{"showFog":true,"showMaterialUpdate":false,"showSkybox":true,"showFlares":true,"showImageEffects":true,"showParticleSystems":true},"in2DMode":false,"pivot":{"x":-12.91379165649414,"y":0.9332594871520996,"z":0.878014087677002},"rotation":{"x":-0.19354525208473206,"y":0.6272092461585999,"z":-0.16451142728328706,"w":-0.7363681793212891},"size":9.334053039550782,"orthographic":false}