{"cameraMode":{"drawMode":0,"name":"Shaded","section":"Shading Mode"},"sceneLighting":false,"audioPlay":false,"sceneViewState":{"showFog":true,"showMaterialUpdate":false,"showSkybox":false,"showFlares":true,"showImageEffects":true,"showParticleSystems":true},"in2DMode":false,"pivot":{"x":0.44227373600006106,"y":1.0048118829727173,"z":-1.436711072921753},"rotation":{"x":0.07595505565404892,"y":-0.7074538469314575,"z":0.07692056894302368,"w":0.698498010635376},"size":2.8150839805603029,"orthographic":false}