{"cameraMode":{"drawMode":0,"name":"Shaded","section":"Shading Mode"},"sceneLighting":true,"audioPlay":false,"sceneViewState":{"showFog":true,"showMaterialUpdate":false,"showSkybox":true,"showFlares":true,"showImageEffects":true,"showParticleSystems":true},"in2DMode":false,"pivot":{"x":0.32890772819519045,"y":0.017220616340637208,"z":0.8740439414978027},"rotation":{"x":0.29021814465522768,"y":0.1598617434501648,"z":-0.049497805535793307,"w":0.9423086643218994},"size":2.736095905303955,"orthographic":false}