{"cameraMode":{"drawMode":0,"name":"Shaded","section":"Shading Mode"},"sceneLighting":true,"audioPlay":false,"sceneViewState":{"showFog":true,"showMaterialUpdate":false,"showSkybox":true,"showFlares":true,"showImageEffects":true,"showParticleSystems":true},"in2DMode":false,"pivot":{"x":-8.870464324951172,"y":1.6866167783737183,"z":-0.4071394205093384},"rotation":{"x":0.1671425700187683,"y":-0.6875410676002502,"z":0.1673983484506607,"w":0.6865997910499573},"size":2.517659902572632,"orthographic":false}