{"cameraMode":{"drawMode":0,"name":"Shaded","section":"Shading Mode"},"sceneLighting":true,"audioPlay":false,"sceneViewState":{"showFog":true,"showMaterialUpdate":false,"showSkybox":true,"showFlares":true,"showImageEffects":true,"showParticleSystems":true},"in2DMode":false,"pivot":{"x":0.48450595140457156,"y":0.6025987863540649,"z":0.048813581466674808},"rotation":{"x":-0.19357946515083314,"y":-0.48532575368881228,"z":0.11157175153493881,"w":-0.845422625541687},"size":4.8228325843811039,"orthographic":false}